first_name,last_name,company_name,address,city,state,zip,email
James,Butt,"Benton, John B Jr",6649 N Blue Gum St,New Orleans,LA,70116,jbutt@gmail.com
Josephine,Darakjy,"Chanay, Jeffrey A Esq",4 B Blue Ridge Blvd,Brighton,MI,48116,josephine_darakjy@darakjy.org
Art,Venere,"Chemel, James L Cpa",8 W Cerritos Ave #54,Bridgeport,NJ,8014,art@venere.org
Lenna,Paprocki,Feltz Printing Service,639 Main St,Anchorage,AK,99501,lpaprocki@hotmail.com
Donette,Foller,Printing Dimensions,34 Center St,Hamilton,OH,45011,donette.foller@cox.net
Simona,Morasca,,3 Mcauley Dr,Ashland,OH,44805,simona@morasca.com
Mitsue,Tollner,Morlong Associates,7 Eads St,Chicago,IL,60632,mitsue_tollner@yahoo.com
Leota,Dilliard,Commercial Press,7 W Jackson Blvd,San Jose,CA,95111,leota@hotmail.com
Sage,Wieser,Truhlar And Truhlar Attys,5 Boston Ave #88,Sioux Falls,SD,57105,sage_wieser@cox.net
Kris,Marrier,"King, Christopher A Esq",228 Runamuck Pl #2808,Baltimore,MD,21224,kris@gmail.com
Minna,Amigon,"Dorl, James J Esq",2371 Jerrold Ave,Kulpsville,PA,19443,minna_amigon@yahoo.com
Abel,Maclead,Rangoni Of Florence,37275 St  Rt 17m M,Middle Island,NY,11953,amaclead@gmail.com
Kiley,Caldarera,Feiner Bros,25 E 75th St #69,Los Angeles,CA,90034,kiley.caldarera@aol.com
Graciela,,Buckley Miller & Wright,98 Connecticut Ave Nw,Chagrin Falls,OH,44023,gruta@cox.net
Cammy,Albares,"Rousseaux, Michael Esq",56 E Morehead St,Laredo,TX,78045,calbares@gmail.com
Mattie,Poquette,Century Communications,73 State Road 434 E,Phoenix,AZ,85013,mattie@aol.com
Meaghan,Garufi,"Bolton, Wilbur Esq",69734 E Carrillo St,Mc Minnville,TN,37110,meaghan@hotmail.com
Gladys,Rim,T M Byxbee Company Pc,322 New Horizon Blvd,Milwaukee,WI,53207,gladys.rim@rim.org
Yuki,Whobrey,Farmers Insurance Group,1 State Route 27,Taylor,MI,48180,yuki_whobrey@aol.com
Fletcher,Flosi,Post Box Services Plus,394 Manchester Blvd,Rockford,IL,61109,fletcher.flosi@yahoo.com
Bette,Nicka,Sport En Art,6 S 33rd St,Aston,PA,19014,bette_nicka@cox.net
Veronika,Inouye,C 4 Network Inc,6 Greenleaf Ave,San Jose,CA,95111,vinouye@aol.com
Willard,Kolmetz,"Ingalls, Donald R Esq",618 W Yakima Ave,Irving,TX,75062,willard@hotmail.com
Maryann,Royster,"Franklin, Peter L Esq",74 S Westgate St,Albany,NY,12204,mroyster@royster.com
Alisha,Slusarski,Wtlz Power 107 Fm,3273 State St,Middlesex,NJ,8846,alisha@slusarski.com
Allene,Iturbide,"Ledecky, David Esq",1 Central Ave,Stevens Point,WI,54481,allene_iturbide@cox.net
Chanel,Caudy,Professional Image Inc,86 Nw 66th St #8673,Shawnee,KS,66218,chanel.caudy@caudy.org
Ezekiel,Chui,"Sider, Donald C Esq",2 Cedar Ave #84,Easton,MD,21601,ezekiel@chui.com
Willow,Kusko,,90991 Thorburn Ave,New York,NY,10011,wkusko@yahoo.com
Bernardo,Figeroa,"Clark, Richard Cpa",386 9th Ave N,Conroe,TX,77301,bfigeroa@aol.com
Ammie,Corrio,"Moskowitz, Barry S",74874 Atlantic Ave,Columbus,OH,43215,ammie@corrio.com
Francine,Vocelka,Cascade Realty Advisors Inc,366 South Dr,Las Cruces,NM,88011,
Ernie,Stenseth,Knwz Newsradio,45 E Liberty St,Ridgefield Park,NJ,7660,ernie_stenseth@aol.com
Albina,Glick,"Giampetro, Anthony D",4 Ralph Ct,Dunellen,NJ,8812,albina@glick.com
Alishia,Sergi,Milford Enterprises Inc,2742 Distribution Way,New York,NY,10025,asergi@gmail.com
Solange,Shinko,"Mosocco, Ronald A",426 Wolf St,Metairie,LA,70002,solange@shinko.com
Jose,Stockham,Tri State Refueler Co,128 Bransten Rd,New York,NY,10011,jose@yahoo.com
Rozella,Ostrosky,Parkway Company,17 Morena Blvd,Camarillo,CA,93012,rozella.ostrosky@ostrosky.com
Valentine,Gillian,Fbs Business Finance,775 W 17th St,San Antonio,TX,78204,valentine_gillian@gmail.com
Kati,Rulapaugh,Eder Assocs Consltng Engrs Pc,6980 Dorsett Rd,Abilene,KS,67410,kati.rulapaugh@hotmail.com
Youlanda,Schemmer,Tri M Tool Inc,2881 Lewis Rd,Prineville,OR,97754,youlanda@aol.com
Dyan,Oldroyd,International Eyelets Inc,7219 Woodfield Rd,Overland Park,KS,66204,doldroyd@aol.com
Roxane,Campain,Rapid Trading Intl,1048 Main St,Fairbanks,AK,99708,roxane@hotmail.com
Lavera,Perin,Abc Enterprises Inc,678 3rd Ave,Miami,FL,33196,lperin@perin.org
Erick,Ferencz,Cindy Turner Associates,20 S Babcock St,Fairbanks,AK,99712,erick.ferencz@aol.com
Fatima,,"Stanton, James D Esq",2 Lighthouse Ave,Hopkins,MN,55343,fsaylors@saylors.org
Jina,Briddick,Grace Pastries Inc,38938 Park Blvd,Boston,MA,2128,jina_briddick@briddick.com
Kanisha,Waycott,"Schroer, Gene E Esq",5 Tomahawk Dr,Los Angeles,CA,90006,kanisha_waycott@yahoo.com
Emerson,Bowley,Knights Inn,762 S Main St,Madison,WI,53711,
Blair,Malet,Bollinger Mach Shp & Shipyard,209 Decker Dr,Philadelphia,PA,19132,bmalet@yahoo.com
